8,-2,1OcAvZdTlIwuMCq0czB0VFc3GgU=,iNgvsaQiedl0tklsPX0WgKZ8zU0=
7,-2,1OcAvZdTlIwuMCq0czB0VFc3GgU=,iNgvsaQiedl0tklsPX0WgKZ8zU0=
8,-3,1OcAvZdTlIwuMCq0czB0VFc3GgU=,iNgvsaQiedl0tklsPX0WgKZ8zU0=
7,-3,1OcAvZdTlIwuMCq0czB0VFc3GgU=,iNgvsaQiedl0tklsPX0WgKZ8zU0=
10,-3,1OcAvZdTlIwuMCq0czB0VFc3GgU=,iNgvsaQiedl0tklsPX0WgKZ8zU0=
8,-5,1OcAvZdTlIwuMCq0czB0VFc3GgU=,iNgvsaQiedl0tklsPX0WgKZ8zU0=
7,-4,1OcAvZdTlIwuMCq0czB0VFc3GgU=,iNgvsaQiedl0tklsPX0WgKZ8zU0=
10,-2,1OcAvZdTlIwuMCq0czB0VFc3GgU=,iNgvsaQiedl0tklsPX0WgKZ8zU0=
8,-4,1OcAvZdTlIwuMCq0czB0VFc3GgU=,iNgvsaQiedl0tklsPX0WgKZ8zU0=
9,-2,1OcAvZdTlIwuMCq0czB0VFc3GgU=,iNgvsaQiedl0tklsPX0WgKZ8zU0=
7,-5,1OcAvZdTlIwuMCq0czB0VFc3GgU=,iNgvsaQiedl0tklsPX0WgKZ8zU0=
9,-3,1OcAvZdTlIwuMCq0czB0VFc3GgU=,iNgvsaQiedl0tklsPX0WgKZ8zU0=
5,-2,1OcAvZdTlIwuMCq0czB0VFc3GgU=,iNgvsaQiedl0tklsPX0WgKZ8zU0=
4,-2,1OcAvZdTlIwuMCq0czB0VFc3GgU=,iNgvsaQiedl0tklsPX0WgKZ8zU0=
4,-3,1OcAvZdTlIwuMCq0czB0VFc3GgU=,iNgvsaQiedl0tklsPX0WgKZ8zU0=
6,-2,1OcAvZdTlIwuMCq0czB0VFc3GgU=,iNgvsaQiedl0tklsPX0WgKZ8zU0=
6,-5,1OcAvZdTlIwuMCq0czB0VFc3GgU=,iNgvsaQiedl0tklsPX0WgKZ8zU0=
4,-4,1OcAvZdTlIwuMCq0czB0VFc3GgU=,iNgvsaQiedl0tklsPX0WgKZ8zU0=
7,-1,1OcAvZdTlIwuMCq0czB0VFc3GgU=,iNgvsaQiedl0tklsPX0WgKZ8zU0=
11,-3,1OcAvZdTlIwuMCq0czB0VFc3GgU=,iNgvsaQiedl0tklsPX0WgKZ8zU0=
11,-1,1OcAvZdTlIwuMCq0czB0VFc3GgU=,iNgvsaQiedl0tklsPX0WgKZ8zU0=
8,-6,1OcAvZdTlIwuMCq0czB0VFc3GgU=,iNgvsaQiedl0tklsPX0WgKZ8zU0=
15,-1,1OcAvZdTlIwuMCq0czB0VFc3GgU=,iNgvsaQiedl0tklsPX0WgKZ8zU0=
8,-1,1OcAvZdTlIwuMCq0czB0VFc3GgU=,iNgvsaQiedl0tklsPX0WgKZ8zU0=
7,-6,1OcAvZdTlIwuMCq0czB0VFc3GgU=,iNgvsaQiedl0tklsPX0WgKZ8zU0=
10,-1,1OcAvZdTlIwuMCq0czB0VFc3GgU=,iNgvsaQiedl0tklsPX0WgKZ8zU0=
15,-2,1OcAvZdTlIwuMCq0czB0VFc3GgU=,iNgvsaQiedl0tklsPX0WgKZ8zU0=
6,-4,1OcAvZdTlIwuMCq0czB0VFc3GgU=,iNgvsaQiedl0tklsPX0WgKZ8zU0=
6,-6,1OcAvZdTlIwuMCq0czB0VFc3GgU=,iNgvsaQiedl0tklsPX0WgKZ8zU0=
5,-3,1OcAvZdTlIwuMCq0czB0VFc3GgU=,iNgvsaQiedl0tklsPX0WgKZ8zU0=
11,-4,1OcAvZdTlIwuMCq0czB0VFc3GgU=,iNgvsaQiedl0tklsPX0WgKZ8zU0=
9,-6,1OcAvZdTlIwuMCq0czB0VFc3GgU=,iNgvsaQiedl0tklsPX0WgKZ8zU0=
14,-1,1OcAvZdTlIwuMCq0czB0VFc3GgU=,iNgvsaQiedl0tklsPX0WgKZ8zU0=
1,-1,1OcAvZdTlIwuMCq0czB0VFc3GgU=,iNgvsaQiedl0tklsPX0WgKZ8zU0=
13,-1,1OcAvZdTlIwuMCq0czB0VFc3GgU=,iNgvsaQiedl0tklsPX0WgKZ8zU0=
9,-1,1OcAvZdTlIwuMCq0czB0VFc3GgU=,iNgvsaQiedl0tklsPX0WgKZ8zU0=
0,-2,1OcAvZdTlIwuMCq0czB0VFc3GgU=,iNgvsaQiedl0tklsPX0WgKZ8zU0=
12,-1,1OcAvZdTlIwuMCq0czB0VFc3GgU=,iNgvsaQiedl0tklsPX0WgKZ8zU0=
5,-4,1OcAvZdTlIwuMCq0czB0VFc3GgU=,iNgvsaQiedl0tklsPX0WgKZ8zU0=
6,-1,1OcAvZdTlIwuMCq0czB0VFc3GgU=,iNgvsaQiedl0tklsPX0WgKZ8zU0=
11,-6,1OcAvZdTlIwuMCq0czB0VFc3GgU=,iNgvsaQiedl0tklsPX0WgKZ8zU0=
10,-6,1OcAvZdTlIwuMCq0czB0VFc3GgU=,iNgvsaQiedl0tklsPX0WgKZ8zU0=
12,-2,1OcAvZdTlIwuMCq0czB0VFc3GgU=,iNgvsaQiedl0tklsPX0WgKZ8zU0=
6,-3,1OcAvZdTlIwuMCq0czB0VFc3GgU=,iNgvsaQiedl0tklsPX0WgKZ8zU0=
13,-2,1OcAvZdTlIwuMCq0czB0VFc3GgU=,iNgvsaQiedl0tklsPX0WgKZ8zU0=
14,-2,1OcAvZdTlIwuMCq0czB0VFc3GgU=,iNgvsaQiedl0tklsPX0WgKZ8zU0=
0,-1,1OcAvZdTlIwuMCq0czB0VFc3GgU=,iNgvsaQiedl0tklsPX0WgKZ8zU0=
11,-2,1OcAvZdTlIwuMCq0czB0VFc3GgU=,iNgvsaQiedl0tklsPX0WgKZ8zU0=
11,-5,1OcAvZdTlIwuMCq0czB0VFc3GgU=,iNgvsaQiedl0tklsPX0WgKZ8zU0=
4,-1,1OcAvZdTlIwuMCq0czB0VFc3GgU=,iNgvsaQiedl0tklsPX0WgKZ8zU0=
1,-2,1OcAvZdTlIwuMCq0czB0VFc3GgU=,iNgvsaQiedl0tklsPX0WgKZ8zU0=
10,-4,1OcAvZdTlIwuMCq0czB0VFc3GgU=,iNgvsaQiedl0tklsPX0WgKZ8zU0=
10,-5,1OcAvZdTlIwuMCq0czB0VFc3GgU=,iNgvsaQiedl0tklsPX0WgKZ8zU0=
9,-5,1OcAvZdTlIwuMCq0czB0VFc3GgU=,iNgvsaQiedl0tklsPX0WgKZ8zU0=
5,-1,1OcAvZdTlIwuMCq0czB0VFc3GgU=,iNgvsaQiedl0tklsPX0WgKZ8zU0=
9,-4,1OcAvZdTlIwuMCq0czB0VFc3GgU=,iNgvsaQiedl0tklsPX0WgKZ8zU0=
16,-4,1OcAvZdTlIwuMCq0czB0VFc3GgU=,iNgvsaQiedl0tklsPX0WgKZ8zU0=
18,-4,1OcAvZdTlIwuMCq0czB0VFc3GgU=,iNgvsaQiedl0tklsPX0WgKZ8zU0=
20,-4,1OcAvZdTlIwuMCq0czB0VFc3GgU=,iNgvsaQiedl0tklsPX0WgKZ8zU0=
19,-4,1OcAvZdTlIwuMCq0czB0VFc3GgU=,iNgvsaQiedl0tklsPX0WgKZ8zU0=
23,-1,1OcAvZdTlIwuMCq0czB0VFc3GgU=,iNgvsaQiedl0tklsPX0WgKZ8zU0=
21,-4,1OcAvZdTlIwuMCq0czB0VFc3GgU=,iNgvsaQiedl0tklsPX0WgKZ8zU0=
23,-2,1OcAvZdTlIwuMCq0czB0VFc3GgU=,iNgvsaQiedl0tklsPX0WgKZ8zU0=
17,-4,1OcAvZdTlIwuMCq0czB0VFc3GgU=,iNgvsaQiedl0tklsPX0WgKZ8zU0=
16,-2,1OcAvZdTlIwuMCq0czB0VFc3GgU=,iNgvsaQiedl0tklsPX0WgKZ8zU0=
22,-1,1OcAvZdTlIwuMCq0czB0VFc3GgU=,iNgvsaQiedl0tklsPX0WgKZ8zU0=
22,-2,1OcAvZdTlIwuMCq0czB0VFc3GgU=,iNgvsaQiedl0tklsPX0WgKZ8zU0=
16,-3,1OcAvZdTlIwuMCq0czB0VFc3GgU=,iNgvsaQiedl0tklsPX0WgKZ8zU0=
21,-2,1OcAvZdTlIwuMCq0czB0VFc3GgU=,iNgvsaQiedl0tklsPX0WgKZ8zU0=
21,-3,1OcAvZdTlIwuMCq0czB0VFc3GgU=,iNgvsaQiedl0tklsPX0WgKZ8zU0=
18,-3,1OcAvZdTlIwuMCq0czB0VFc3GgU=,iNgvsaQiedl0tklsPX0WgKZ8zU0=
21,-1,1OcAvZdTlIwuMCq0czB0VFc3GgU=,iNgvsaQiedl0tklsPX0WgKZ8zU0=
17,-3,1OcAvZdTlIwuMCq0czB0VFc3GgU=,iNgvsaQiedl0tklsPX0WgKZ8zU0=
19,-3,1OcAvZdTlIwuMCq0czB0VFc3GgU=,iNgvsaQiedl0tklsPX0WgKZ8zU0=
16,-1,1OcAvZdTlIwuMCq0czB0VFc3GgU=,iNgvsaQiedl0tklsPX0WgKZ8zU0=
20,-3,1OcAvZdTlIwuMCq0czB0VFc3GgU=,iNgvsaQiedl0tklsPX0WgKZ8zU0=
17,-2,1OcAvZdTlIwuMCq0czB0VFc3GgU=,iNgvsaQiedl0tklsPX0WgKZ8zU0=
17,-1,1OcAvZdTlIwuMCq0czB0VFc3GgU=,iNgvsaQiedl0tklsPX0WgKZ8zU0=
20,-2,1OcAvZdTlIwuMCq0czB0VFc3GgU=,iNgvsaQiedl0tklsPX0WgKZ8zU0=
20,-1,1OcAvZdTlIwuMCq0czB0VFc3GgU=,iNgvsaQiedl0tklsPX0WgKZ8zU0=
18,-2,1OcAvZdTlIwuMCq0czB0VFc3GgU=,iNgvsaQiedl0tklsPX0WgKZ8zU0=
19,-1,1OcAvZdTlIwuMCq0czB0VFc3GgU=,iNgvsaQiedl0tklsPX0WgKZ8zU0=
18,-1,1OcAvZdTlIwuMCq0czB0VFc3GgU=,iNgvsaQiedl0tklsPX0WgKZ8zU0=
19,-2,1OcAvZdTlIwuMCq0czB0VFc3GgU=,iNgvsaQiedl0tklsPX0WgKZ8zU0=
