-1,-1,gqbgIZO8UcnYKzYluNUp0f3vH4g=,Y/01XdGrx8BfWWhUocHdr63zllg=
-1,-2,gqbgIZO8UcnYKzYluNUp0f3vH4g=,xeNUSE7gMT3AWyB7nvFssIrDIWY=
-1,-3,gqbgIZO8UcnYKzYluNUp0f3vH4g=,Y/01XdGrx8BfWWhUocHdr63zllg=
-1,-4,gqbgIZO8UcnYKzYluNUp0f3vH4g=,usrp/q0XLFHmBNWhRtyAc8jLR1A=
-2,-4,gqbgIZO8UcnYKzYluNUp0f3vH4g=,Wz5uM9eIzsB/7zHTqUB3BuokvNY=
-2,-3,gqbgIZO8UcnYKzYluNUp0f3vH4g=,Wz5uM9eIzsB/7zHTqUB3BuokvNY=
-3,-3,gqbgIZO8UcnYKzYluNUp0f3vH4g=,usrp/q0XLFHmBNWhRtyAc8jLR1A=
-3,-4,gqbgIZO8UcnYKzYluNUp0f3vH4g=,usrp/q0XLFHmBNWhRtyAc8jLR1A=
