-1,-1,gqbgIZO8UcnYKzYluNUp0f3vH4g=,xeNUSE7gMT3AWyB7nvFssIrDIWY=
-1,-2,gqbgIZO8UcnYKzYluNUp0f3vH4g=,xeNUSE7gMT3AWyB7nvFssIrDIWY=
-1,-3,gqbgIZO8UcnYKzYluNUp0f3vH4g=,usrp/q0XLFHmBNWhRtyAc8jLR1A=
-1,-4,gqbgIZO8UcnYKzYluNUp0f3vH4g=,usrp/q0XLFHmBNWhRtyAc8jLR1A=
-1,-5,gqbgIZO8UcnYKzYluNUp0f3vH4g=,Wz5uM9eIzsB/7zHTqUB3BuokvNY=
-2,-2,gqbgIZO8UcnYKzYluNUp0f3vH4g=,usrp/q0XLFHmBNWhRtyAc8jLR1A=
-2,-4,gqbgIZO8UcnYKzYluNUp0f3vH4g=,xeNUSE7gMT3AWyB7nvFssIrDIWY=
-2,-3,gqbgIZO8UcnYKzYluNUp0f3vH4g=,Y/01XdGrx8BfWWhUocHdr63zllg=
-2,-6,gqbgIZO8UcnYKzYluNUp0f3vH4g=,Y/01XdGrx8BfWWhUocHdr63zllg=
-2,-5,gqbgIZO8UcnYKzYluNUp0f3vH4g=,Wz5uM9eIzsB/7zHTqUB3BuokvNY=
-2,-7,gqbgIZO8UcnYKzYluNUp0f3vH4g=,Wz5uM9eIzsB/7zHTqUB3BuokvNY=
-3,-7,gqbgIZO8UcnYKzYluNUp0f3vH4g=,Wz5uM9eIzsB/7zHTqUB3BuokvNY=
-3,-6,gqbgIZO8UcnYKzYluNUp0f3vH4g=,Wz5uM9eIzsB/7zHTqUB3BuokvNY=
-4,-7,gqbgIZO8UcnYKzYluNUp0f3vH4g=,Y/01XdGrx8BfWWhUocHdr63zllg=
-4,-6,gqbgIZO8UcnYKzYluNUp0f3vH4g=,xeNUSE7gMT3AWyB7nvFssIrDIWY=
-5,-6,gqbgIZO8UcnYKzYluNUp0f3vH4g=,xeNUSE7gMT3AWyB7nvFssIrDIWY=
-5,-7,gqbgIZO8UcnYKzYluNUp0f3vH4g=,Y/01XdGrx8BfWWhUocHdr63zllg=
