2,-2,gqbgIZO8UcnYKzYluNUp0f3vH4g=,S+Dax4TTBJjYWdYVmmFilyy3S6k=
2,-1,gqbgIZO8UcnYKzYluNUp0f3vH4g=,YiYafFOJGrAiVxt0K7nvPeu+SDI=
1,-1,gqbgIZO8UcnYKzYluNUp0f3vH4g=,xeNUSE7gMT3AWyB7nvFssIrDIWY=
1,-2,gqbgIZO8UcnYKzYluNUp0f3vH4g=,usrp/q0XLFHmBNWhRtyAc8jLR1A=
0,-1,gqbgIZO8UcnYKzYluNUp0f3vH4g=,usrp/q0XLFHmBNWhRtyAc8jLR1A=
5,-1,gqbgIZO8UcnYKzYluNUp0f3vH4g=,Y/01XdGrx8BfWWhUocHdr63zllg=
4,-1,gqbgIZO8UcnYKzYluNUp0f3vH4g=,xeNUSE7gMT3AWyB7nvFssIrDIWY=
3,-1,gqbgIZO8UcnYKzYluNUp0f3vH4g=,Wz5uM9eIzsB/7zHTqUB3BuokvNY=
